<entities>
  <entity name="account" displayname="Account" etc="1" primaryidfield="accountid" primarynamefield="name" disableplugins="false" skipupdate="false">
    <fields>
      <field updateCompare="true" displayname="Account" name="accountid" type="guid" primaryKey="true" />
      <field displayname="Address 1: City" name="address1_city" type="string" />
      <field displayname="Address 1" name="address1_composite" type="string" />
      <field displayname="Address 1: Street 1" name="address1_line1" type="string" />
      <field displayname="Address 1: ZIP/Postal Code" name="address1_postalcode" type="string" />
      <field displayname="Customer" name="cp_customer" type="entityreference" customfield="true" lookupType="cp_customersetting" />
      <field displayname="Is Recovery Garage" name="cp_isrecoverygarage" type="bool" customfield="true" />
      <field displayname="Is Recovery Garage Company" name="cp_isrecoverygaragecompany" type="bool" customfield="true" />
      <field displayname="Account Name" name="name" type="string" />
      <field displayname="Parent Account" name="parentaccountid" type="entityreference" lookupType="account" />
    </fields>
  </entity>
  <entity name="cp_contactroletype" displayname="Contact Role Type" etc="10217" primaryidfield="cp_contactroletypeid" primarynamefield="cp_name" disableplugins="false" skipupdate="false">
    <fields>
      <field displayname="Application Used" name="cp_applicationused" type="optionsetvalue" customfield="true" />
      <field updateCompare="true" displayname="Contact Role Type" name="cp_contactroletypeid" type="guid" primaryKey="true" />
      <field displayname="Name" name="cp_name" type="string" customfield="true" />
    </fields>
  </entity>
  <entity name="cp_covidoffences" displayname="Covid Offences" etc="10220" primaryidfield="cp_covidoffencesid" primarynamefield="cp_offencecode" disableplugins="false" skipupdate="false">
    <fields>
      <field updateCompare="true" displayname="Covid Offences ID" name="cp_covidoffencesid" type="guid" primaryKey="true" />
      <field displayname="Offence Act" name="cp_offenceact" type="string" customfield="true" />
      <field displayname="Offence Code" name="cp_offencecode" type="string" customfield="true" />
      <field displayname="Offence Description" name="cp_offencedescription" type="string" customfield="true" />
    </fields>
  </entity>
  <entity name="cp_covidoffenceverificationtext" displayname="Covid Offence Verification Text" etc="10223" primaryidfield="cp_covidoffenceverificationtextid" primarynamefield="cp_labeltext" disableplugins="false" skipupdate="false">
    <fields>
      <field updateCompare="true" displayname="Covid Offence Verification Text" name="cp_covidoffenceverificationtextid" type="guid" primaryKey="true" />
      <field displayname="Label Text" name="cp_labeltext" type="string" customfield="true" />
    </fields>
  </entity>
  <entity name="cp_customersetting" displayname="Customer Setting" etc="10226" primaryidfield="cp_customersettingid" primarynamefield="cp_customername" disableplugins="false" skipupdate="false">
    <fields>
      <field displayname="Active" name="cp_active" type="bool" customfield="true" />
      <field displayname="Customer Name" name="cp_customername" type="string" customfield="true" />
      <field updateCompare="true" displayname="Customer Setting" name="cp_customersettingid" type="guid" primaryKey="true" />
      <field displayname="Incident Prefix" name="cp_incidentprefix" type="string" customfield="true" />
      <field displayname="Policing Area Text" name="cp_policingareatext" type="string" customfield="true" />
    </fields>
  </entity>
  <entity name="cp_incidenttype" displayname="Incident Type" etc="10231" primaryidfield="cp_incidenttypeid" primarynamefield="cp_incidenttypename" disableplugins="false" skipupdate="false">
    <fields>
      <field updateCompare="true" displayname="Incident Type" name="cp_incidenttypeid" type="guid" primaryKey="true" />
      <field displayname="Name" name="cp_incidenttypename" type="string" customfield="true" />
    </fields>
  </entity>
  <entity name="cp_investigationstatus" displayname="Investigation Status" etc="10234" primaryidfield="cp_investigationstatusid" primarynamefield="cp_name" disableplugins="false" skipupdate="false">
    <fields>
      <field updateCompare="true" displayname="Investigation Status" name="cp_investigationstatusid" type="guid" primaryKey="true" />
      <field displayname="Name" name="cp_name" type="string" customfield="true" />
    </fields>
  </entity>
  <entity name="cp_licencecategory" displayname="Licence Category" etc="10238" primaryidfield="cp_licencecategoryid" primarynamefield="cp_licencecategoryname" disableplugins="false" skipupdate="false">
    <fields>
      <field displayname="Display Sequence No" name="cp_displaysequenceno" type="number" customfield="true" />
      <field updateCompare="true" displayname="Licence Category" name="cp_licencecategoryid" type="guid" primaryKey="true" />
      <field displayname="Licence Category Name" name="cp_licencecategoryname" type="string" customfield="true" />
    </fields>
  </entity>
  <entity name="cp_lookupfield" displayname="Lookup Field" etc="10240" primaryidfield="cp_lookupfieldid" primarynamefield="cp_name" disableplugins="false" skipupdate="false">
    <fields>
      <field displayname="Label Display Name" name="cp_displayname" type="string" customfield="true" />
      <field displayname="Filter Id" name="cp_id" type="string" customfield="true" />
      <field updateCompare="true" displayname="Lookup Field" name="cp_lookupfieldid" type="guid" primaryKey="true" />
      <field displayname="Label" name="cp_name" type="string" customfield="true" />
      <field displayname="Used In" name="cp_usedin" type="optionsetvalue" customfield="true" />
    </fields>
  </entity>
  <entity name="cp_lookupvalue" displayname="Lookup Value" etc="10241" primaryidfield="cp_lookupvalueid" primarynamefield="cp_name" disableplugins="false" skipupdate="false">
    <fields>
      <field displayname="Alternative Display Name" name="cp_alternativedisplayname" type="string" customfield="true" />
      <field displayname="Display Sequence No" name="cp_displaysequenceno" type="number" customfield="true" />
      <field displayname="Lookup Field" name="cp_lookupfield" type="entityreference" customfield="true" lookupType="cp_lookupfield" />
      <field updateCompare="true" displayname="Lookup Value" name="cp_lookupvalueid" type="guid" primaryKey="true" />
      <field displayname="Value" name="cp_name" type="string" customfield="true" />
    </fields>
  </entity>
  <entity name="cp_offencecategory" displayname="Offence Category" etc="10243" primaryidfield="cp_offencecategoryid" primarynamefield="cp_name" disableplugins="false" skipupdate="false">
    <fields>
      <field displayname="Offence Category Name" name="cp_name" type="string" customfield="true" />
      <field updateCompare="true" displayname="Offence Category" name="cp_offencecategoryid" type="guid" primaryKey="true" />
      <field displayname="Ticket Type" name="cp_tickettypeid" type="entityreference" customfield="true" lookupType="cp_tickettype" />
    </fields>
  </entity>
  <entity name="cp_offencecode" displayname="Offence Code" etc="10244" primaryidfield="cp_offencecodeid" primarynamefield="cp_name" disableplugins="false" skipupdate="false">
    <fields>
      <field displayname="Code" name="cp_name" type="string" customfield="true" />
      <field displayname="Offence Category" name="cp_offencecategoryid" type="entityreference" customfield="true" lookupType="cp_offencecategory" />
      <field updateCompare="true" displayname="Offence Code" name="cp_offencecodeid" type="guid" primaryKey="true" />
      <field displayname="Offence Description" name="cp_offencedescription" type="string" customfield="true" />
      <field displayname="Person Not Mandatory" name="cp_personnotmandatory" type="bool" customfield="true" />
    </fields>
  </entity>
  <entity name="cp_statementtype" displayname="Statement Type" etc="10260" primaryidfield="cp_statementtypeid" primarynamefield="cp_name" disableplugins="false" skipupdate="false">
    <fields>
      <field displayname="Name" name="cp_name" type="string" customfield="true" />
      <field updateCompare="true" displayname="Statement Type" name="cp_statementtypeid" type="guid" primaryKey="true" />
    </fields>
  </entity>
  <entity name="cp_statementwitnessneed" displayname="Statement Witness Need" etc="10261" primaryidfield="cp_statementwitnessneedid" primarynamefield="cp_name" disableplugins="false" skipupdate="false">
    <fields>
      <field displayname="Display Sequence No" name="cp_displaysequenceno" type="number" customfield="true" />
      <field displayname="Name" name="cp_name" type="string" customfield="true" />
      <field updateCompare="true" displayname="Statement Witness Need" name="cp_statementwitnessneedid" type="guid" primaryKey="true" />
    </fields>
  </entity>
  <entity name="cp_suddendeathidentificationtype" displayname="Sudden Death Identification Type" etc="10264" primaryidfield="cp_suddendeathidentificationtypeid" primarynamefield="cp_name" disableplugins="false" skipupdate="false">
    <fields>
      <field displayname="Name" name="cp_name" type="string" customfield="true" />
      <field updateCompare="true" displayname="Sudden Death Identification Type" name="cp_suddendeathidentificationtypeid" type="guid" primaryKey="true" />
    </fields>
  </entity>
  <entity name="cp_tactictype" displayname="Tactic Type" etc="10272" primaryidfield="cp_tactictypeid" primarynamefield="cp_name" disableplugins="false" skipupdate="false">
    <fields>
      <field displayname="Name" name="cp_name" type="string" customfield="true" />
      <field updateCompare="true" displayname="Tactic Type" name="cp_tactictypeid" type="guid" primaryKey="true" />
    </fields>
  </entity>
  <entity name="cp_taseruseareaback" displayname="Taser Use Area Back" etc="10274" primaryidfield="cp_taseruseareabackid" primarynamefield="cp_areaname" disableplugins="false" skipupdate="false">
    <fields>
      <field displayname="Area Name" name="cp_areaname" type="string" customfield="true" />
      <field displayname="Display Sequence No" name="cp_displaysequenceno" type="number" customfield="true" />
      <field updateCompare="true" displayname="Taser Use Area Back" name="cp_taseruseareabackid" type="guid" primaryKey="true" />
    </fields>
  </entity>
  <entity name="cp_taseruseareafront" displayname="Taser Use Area Front" etc="10275" primaryidfield="cp_taseruseareafrontid" primarynamefield="cp_areaname" disableplugins="false" skipupdate="false">
    <fields>
      <field displayname="Area Name" name="cp_areaname" type="string" customfield="true" />
      <field displayname="Display Sequence No" name="cp_displaysequenceno" type="number" customfield="true" />
      <field updateCompare="true" displayname="Taser Use Area Front" name="cp_taseruseareafrontid" type="guid" primaryKey="true" />
    </fields>
  </entity>
  <entity name="cp_territorialpolicingarea" displayname="Territorial Policing Area" etc="10276" primaryidfield="cp_territorialpolicingareaid" primarynamefield="cp_name" disableplugins="false" skipupdate="false">
    <fields>
      <field displayname="Customer" name="cp_customer" type="entityreference" customfield="true" lookupType="cp_customersetting" />
      <field displayname="Name" name="cp_name" type="string" customfield="true" />
      <field updateCompare="true" displayname="Territorial Policing Area" name="cp_territorialpolicingareaid" type="guid" primaryKey="true" />
    </fields>
  </entity>
  <entity name="cp_tickettype" displayname="Ticket Type" etc="10277" primaryidfield="cp_tickettypeid" primarynamefield="cp_name" disableplugins="false" skipupdate="false">
    <fields>
      <field displayname="Display Sequence No" name="cp_displaysequenceno" type="number" customfield="true" />
      <field displayname="Name" name="cp_name" type="string" customfield="true" />
      <field updateCompare="true" displayname="Ticket Type" name="cp_tickettypeid" type="guid" primaryKey="true" />
    </fields>
  </entity>
  <entity name="cp_useforceoutcome" displayname="Use Force Outcome" etc="10285" primaryidfield="cp_useforceoutcomeid" primarynamefield="cp_name" disableplugins="false" skipupdate="false">
    <fields>
      <field displayname="Name" name="cp_name" type="string" customfield="true" />
      <field updateCompare="true" displayname="Use Force Outcome" name="cp_useforceoutcomeid" type="guid" primaryKey="true" />
    </fields>
  </entity>
  <entity name="cp_useforcereason" displayname="Use Force Reason" etc="10286" primaryidfield="cp_useforcereasonid" primarynamefield="cp_name" disableplugins="false" skipupdate="false">
    <fields>
      <field displayname="Name" name="cp_name" type="string" customfield="true" />
      <field updateCompare="true" displayname="Use Force Reason" name="cp_useforcereasonid" type="guid" primaryKey="true" />
    </fields>
  </entity>
  <entity name="cp_useofforceimpactfactor" displayname="Use of Force Impact Factor" etc="10289" primaryidfield="cp_useofforceimpactfactorid" primarynamefield="cp_name" disableplugins="false" skipupdate="false">
    <fields>
      <field displayname="Display Sequence No" name="cp_displaysequenceno" type="number" customfield="true" />
      <field displayname="Name" name="cp_name" type="string" customfield="true" />
      <field updateCompare="true" displayname="Use of Force Impact Factor" name="cp_useofforceimpactfactorid" type="guid" primaryKey="true" />
    </fields>
  </entity>
  <entity name="cp_vehicledocument" displayname="Vehicle Document" etc="10292" primaryidfield="cp_vehicledocumentid" primarynamefield="cp_name" disableplugins="false" skipupdate="false">
    <fields>
      <field displayname="Display Sequence No" name="cp_displaysequenceno" type="number" customfield="true" />
      <field displayname="Name" name="cp_name" type="string" customfield="true" />
      <field updateCompare="true" displayname="Vehicle Document" name="cp_vehicledocumentid" type="guid" primaryKey="true" />
    </fields>
  </entity>
  <entity name="position" displayname="Position" etc="50" primaryidfield="positionid" primarynamefield="name" disableplugins="false" skipupdate="false">
    <fields>
      <field displayname="Name" name="name" type="string" />
      <field displayname="Parent Position" name="parentpositionid" type="entityreference" lookupType="position" />
      <field updateCompare="true" displayname="Position" name="positionid" type="guid" primaryKey="true" />
    </fields>
  </entity>
</entities>