<entities xmlns:xsd="http://www.w3.org/2001/XMLSchema" xmlns:xsi="http://www.w3.org/2001/XMLSchema-instance">
  <entity name="cp_rprpcategory" displayname="RPRP Category">
    <records>
      <record id="02603256-c031-ec11-b6e6-000d3a86fc23">
        <field name="cp_name" value="PSD PRI Specific Category" />
        <field name="cp_rprpcategoryid" value="02603256-c031-ec11-b6e6-000d3a86fc23" />
        <field name="cp_type" value="050ded06-962a-ec11-b6e6-0022481ac9b9" lookupentity="cp_rprptype" lookupentityname="PSD PRI" />
      </record>
      <record id="7fedfb43-c031-ec11-b6e6-000d3a86fc23">
        <field name="cp_name" value="RP Specific Category" />
        <field name="cp_rprpcategoryid" value="7fedfb43-c031-ec11-b6e6-000d3a86fc23" />
        <field name="cp_type" value="4dd4a504-212c-ec11-b6e6-0022481ac9b9" lookupentity="cp_rprptype" lookupentityname="Reflective Practice" />
      </record>
      <record id="9722766b-932d-ec11-b6e6-0022481ac9b9">
        <field name="cp_name" value="Example Category" />
        <field name="cp_rprpcategoryid" value="9722766b-932d-ec11-b6e6-0022481ac9b9" />
      </record>
    </records>
    <m2mrelationships />
  </entity>
  <entity name="cp_rprptype" displayname="RPRP Type">
    <records>
      <record id="050ded06-962a-ec11-b6e6-0022481ac9b9">
        <field name="cp_emailfromqueue" value="40c0603b-d937-ec11-8c64-000d3a871d8b" lookupentity="queue" lookupentityname="RPRP Administration" />
        <field name="cp_name" value="PSD PRI" />
        <field name="cp_notificationemailaddresses" value="paul.thomas@tisski.com" />
        <field name="cp_owningteam" value="d08b3a5c-7036-ec11-8c64-000d3a871d8b" lookupentity="team" lookupentityname="PSD" />
        <field name="cp_participantacceptancereminderhours" value="1" />
        <field name="cp_participantguidanceurl" value="https://google.co.uk" />
        <field name="cp_referencebehaviour" value="778230001" />
        <field name="cp_referencelabel" value="Centurion Reference" />
        <field name="cp_reviewercancomplete" value="False" />
        <field name="cp_reviewerguidanceurl" value="https://google.co.uk" />
        <field name="cp_rolerequiredtocreate" value="9e966ce6-202c-ec11-b6e6-0022481ac9b9" lookupentity="role" lookupentityname="PfP RPRP All" />
        <field name="cp_rprptypeid" value="050ded06-962a-ec11-b6e6-0022481ac9b9" />
        <field name="cp_timeoutdaysdraft" value="1" />
        <field name="cp_timeoutdaysfollowuplapsed" value="1" />
        <field name="cp_timeoutdaysmeetinglapsed" value="1" />
        <field name="cp_timeoutdaysparticipantresponse" value="1" />
        <field name="cp_timeoutdaysschedulemeeting" value="1" />
      </record>
      <record id="4dd4a504-212c-ec11-b6e6-0022481ac9b9">
        <field name="cp_emailfromqueue" value="40c0603b-d937-ec11-8c64-000d3a871d8b" lookupentity="queue" lookupentityname="RPRP Administration" />
        <field name="cp_name" value="Reflective Practice" />
        <field name="cp_notificationemailaddresses" value="paul.thomas@tisski.com" />
        <field name="cp_participantacceptancereminderhours" value="24" />
        <field name="cp_participantguidanceurl" value="https://google.co.uk" />
        <field name="cp_referencebehaviour" value="778230001" />
        <field name="cp_referencedefault" value="RP{ - {cp_participant}{ - {cp_category}" />
        <field name="cp_reviewercancomplete" value="True" />
        <field name="cp_reviewerguidanceurl" value="https://google.co.uk" />
        <field name="cp_rprptypeid" value="4dd4a504-212c-ec11-b6e6-0022481ac9b9" />
        <field name="cp_timeoutdaysdraft" value="1" />
        <field name="cp_timeoutdaysfollowuplapsed" value="1" />
        <field name="cp_timeoutdaysmeetinglapsed" value="1" />
        <field name="cp_timeoutdaysparticipantresponse" value="1" />
        <field name="cp_timeoutdaysschedulemeeting" value="1" />
      </record>
    </records>
    <m2mrelationships />
  </entity>
</entities>