<entities xmlns:xsd="http://www.w3.org/2001/XMLSchema" xmlns:xsi="http://www.w3.org/2001/XMLSchema-instance">
  <entity name="cp_rprpcategory" displayname="RPRP Category">
    <records>
      <record id="2a39fd49-1d3b-ec11-8c60-000d3a871020">
        <field name="cp_name" value="Delivery of duties and service" />
        <field name="cp_rprpcategoryid" value="2a39fd49-1d3b-ec11-8c60-000d3a871020" />
      </record>
      <record id="2c39fd49-1d3b-ec11-8c60-000d3a871020">
        <field name="cp_name" value="Police powers, policies and procedures" />
        <field name="cp_rprpcategoryid" value="2c39fd49-1d3b-ec11-8c60-000d3a871020" />
      </record>
      <record id="2e39fd49-1d3b-ec11-8c60-000d3a871020">
        <field name="cp_name" value="Handling of or damage to property/ premises" />
        <field name="cp_rprpcategoryid" value="2e39fd49-1d3b-ec11-8c60-000d3a871020" />
      </record>
      <record id="3039fd49-1d3b-ec11-8c60-000d3a871020">
        <field name="cp_name" value="Access and/or disclosure of information" />
        <field name="cp_rprpcategoryid" value="3039fd49-1d3b-ec11-8c60-000d3a871020" />
      </record>
      <record id="3239fd49-1d3b-ec11-8c60-000d3a871020">
        <field name="cp_name" value="Use of police vehicles" />
        <field name="cp_rprpcategoryid" value="3239fd49-1d3b-ec11-8c60-000d3a871020" />
      </record>
      <record id="3439fd49-1d3b-ec11-8c60-000d3a871020">
        <field name="cp_name" value="Discriminatory behaviour" />
        <field name="cp_rprpcategoryid" value="3439fd49-1d3b-ec11-8c60-000d3a871020" />
      </record>
      <record id="3639fd49-1d3b-ec11-8c60-000d3a871020">
        <field name="cp_name" value="Abuse of position/ corruption" />
        <field name="cp_rprpcategoryid" value="3639fd49-1d3b-ec11-8c60-000d3a871020" />
      </record>
      <record id="3839fd49-1d3b-ec11-8c60-000d3a871020">
        <field name="cp_name" value="Individual behaviours" />
        <field name="cp_rprpcategoryid" value="3839fd49-1d3b-ec11-8c60-000d3a871020" />
      </record>
      <record id="3a39fd49-1d3b-ec11-8c60-000d3a871020">
        <field name="cp_name" value="Sexual conduct" />
        <field name="cp_rprpcategoryid" value="3a39fd49-1d3b-ec11-8c60-000d3a871020" />
      </record>
      <record id="3c39fd49-1d3b-ec11-8c60-000d3a871020">
        <field name="cp_name" value="Discreditable conduct" />
        <field name="cp_rprpcategoryid" value="3c39fd49-1d3b-ec11-8c60-000d3a871020" />
      </record>
      <record id="3e39fd49-1d3b-ec11-8c60-000d3a871020">
        <field name="cp_name" value="Honesty and Integrity" />
        <field name="cp_rprpcategoryid" value="3e39fd49-1d3b-ec11-8c60-000d3a871020" />
      </record>
      <record id="4039fd49-1d3b-ec11-8c60-000d3a871020">
        <field name="cp_name" value="Authority, Respect and Courtesy " />
        <field name="cp_rprpcategoryid" value="4039fd49-1d3b-ec11-8c60-000d3a871020" />
      </record>
      <record id="4239fd49-1d3b-ec11-8c60-000d3a871020">
        <field name="cp_name" value="Equality and Diversity" />
        <field name="cp_rprpcategoryid" value="4239fd49-1d3b-ec11-8c60-000d3a871020" />
      </record>
      <record id="4439fd49-1d3b-ec11-8c60-000d3a871020">
        <field name="cp_name" value="Use of Force" />
        <field name="cp_rprpcategoryid" value="4439fd49-1d3b-ec11-8c60-000d3a871020" />
      </record>
      <record id="4639fd49-1d3b-ec11-8c60-000d3a871020">
        <field name="cp_name" value="Orders and Instructions" />
        <field name="cp_rprpcategoryid" value="4639fd49-1d3b-ec11-8c60-000d3a871020" />
      </record>
      <record id="4839fd49-1d3b-ec11-8c60-000d3a871020">
        <field name="cp_name" value="Duties and Responsibilities" />
        <field name="cp_rprpcategoryid" value="4839fd49-1d3b-ec11-8c60-000d3a871020" />
      </record>
      <record id="4a39fd49-1d3b-ec11-8c60-000d3a871020">
        <field name="cp_name" value="Confidentiality" />
        <field name="cp_rprpcategoryid" value="4a39fd49-1d3b-ec11-8c60-000d3a871020" />
      </record>
      <record id="4c39fd49-1d3b-ec11-8c60-000d3a871020">
        <field name="cp_name" value="Fitness for Duty" />
        <field name="cp_rprpcategoryid" value="4c39fd49-1d3b-ec11-8c60-000d3a871020" />
      </record>
      <record id="4e39fd49-1d3b-ec11-8c60-000d3a871020">
        <field name="cp_name" value="Discreditable Conduct" />
        <field name="cp_rprpcategoryid" value="4e39fd49-1d3b-ec11-8c60-000d3a871020" />
      </record>
      <record id="5039fd49-1d3b-ec11-8c60-000d3a871020">
        <field name="cp_name" value="Challenging and Reporting Improper Conduct" />
        <field name="cp_rprpcategoryid" value="5039fd49-1d3b-ec11-8c60-000d3a871020" />
      </record>
      <record id="5239fd49-1d3b-ec11-8c60-000d3a871020">
        <field name="cp_name" value="Other - Conduct" />
        <field name="cp_rprpcategoryid" value="5239fd49-1d3b-ec11-8c60-000d3a871020" />
      </record>
      <record id="5439fd49-1d3b-ec11-8c60-000d3a871020">
        <field name="cp_name" value="Other - Complaint" />
        <field name="cp_rprpcategoryid" value="5439fd49-1d3b-ec11-8c60-000d3a871020" />
      </record>
    </records>
    <m2mrelationships />
  </entity>
  <entity name="cp_rprptype" displayname="RPRP Type">
    <records>
      <record id="050ded06-962a-ec11-b6e6-0022481ac9b9">
        <field name="cp_emailfromqueue" value="40c0603b-d937-ec11-8c64-000d3a871d8b" lookupentity="queue" lookupentityname="RPRP Administration" />
        <field name="cp_name" value="PSD PRI" />
        <field name="cp_notificationemailaddresses" value="paul.thomas@tisski.com" />
        <field name="cp_owningteam" value="d08b3a5c-7036-ec11-8c64-000d3a871d8b" lookupentity="team" lookupentityname="PSD" />
        <field name="cp_participantacceptancereminderhours" value="1" />
        <field name="cp_participantguidanceurl" value="https://google.co.uk" />
        <field name="cp_referencebehaviour" value="778230001" />
        <field name="cp_referencelabel" value="Centurion Reference" />
        <field name="cp_reviewercancomplete" value="False" />
        <field name="cp_reviewerguidanceurl" value="https://google.co.uk" />
        <field name="cp_rolerequiredtocreate" value="9e966ce6-202c-ec11-b6e6-0022481ac9b9" lookupentity="role" lookupentityname="PfP RPRP All" />
        <field name="cp_rprptypeid" value="050ded06-962a-ec11-b6e6-0022481ac9b9" />
        <field name="cp_timeoutdaysdraft" value="1" />
        <field name="cp_timeoutdaysfollowuplapsed" value="1" />
        <field name="cp_timeoutdaysmeetinglapsed" value="1" />
        <field name="cp_timeoutdaysparticipantresponse" value="1" />
        <field name="cp_timeoutdaysschedulemeeting" value="1" />
      </record>
      <record id="4dd4a504-212c-ec11-b6e6-0022481ac9b9">
        <field name="cp_emailfromqueue" value="40c0603b-d937-ec11-8c64-000d3a871d8b" lookupentity="queue" lookupentityname="RPRP Administration" />
        <field name="cp_name" value="Reflective Practice" />
        <field name="cp_notificationemailaddresses" value="paul.thomas@tisski.com" />
        <field name="cp_participantacceptancereminderhours" value="24" />
        <field name="cp_participantguidanceurl" value="https://google.co.uk" />
        <field name="cp_referencebehaviour" value="778230001" />
        <field name="cp_referencedefault" value="RP{ - {cp_participant}{ - {cp_category}" />
        <field name="cp_reviewercancomplete" value="True" />
        <field name="cp_reviewerguidanceurl" value="https://google.co.uk" />
        <field name="cp_rprptypeid" value="4dd4a504-212c-ec11-b6e6-0022481ac9b9" />
        <field name="cp_timeoutdaysdraft" value="1" />
        <field name="cp_timeoutdaysfollowuplapsed" value="1" />
        <field name="cp_timeoutdaysmeetinglapsed" value="1" />
        <field name="cp_timeoutdaysparticipantresponse" value="1" />
        <field name="cp_timeoutdaysschedulemeeting" value="1" />
      </record>
    </records>
    <m2mrelationships />
  </entity>
</entities>