<entities>
  <entity name="cp_rprpcategory" displayname="RPRP Category" etc="10362" primaryidfield="cp_rprpcategoryid" primarynamefield="cp_name" disableplugins="false" skipupdate="false">
    <fields>
      <field displayname="Name" name="cp_name" type="string" customfield="true" />
      <field updateCompare="true" displayname="RPRP Category" name="cp_rprpcategoryid" type="guid" primaryKey="true" />
    </fields>
  </entity>
  <entity name="cp_rprptype" displayname="RPRP Type" etc="10361" primaryidfield="cp_rprptypeid" primarynamefield="cp_name" disableplugins="false" skipupdate="false">
    <fields>
      <field displayname="Email From Queue" name="cp_emailfromqueue" type="entityreference" customfield="true" lookupType="queue" />
      <field displayname="Name" name="cp_name" type="string" customfield="true" />
      <field displayname="Participant Acceptance Reminder Hours" name="cp_participantacceptancereminderhours" type="number" customfield="true" />
      <field displayname="Participant Guidance URL" name="cp_participantguidanceurl" type="string" customfield="true" />
      <field displayname="Reference Behaviour" name="cp_referencebehaviour" type="optionsetvalue" customfield="true" />
      <field displayname="Reference Default" name="cp_referencedefault" type="string" customfield="true" />
      <field displayname="Reference Label" name="cp_referencelabel" type="string" customfield="true" />
      <field displayname="Reviewer Can Complete" name="cp_reviewercancomplete" type="bool" customfield="true" />
      <field displayname="Reviewer Guidance URL" name="cp_reviewerguidanceurl" type="string" customfield="true" />
      <field displayname="Role Required To Create" name="cp_rolerequiredtocreate" type="entityreference" customfield="true" lookupType="role" />
      <field updateCompare="true" displayname="RPRP Type" name="cp_rprptypeid" type="guid" primaryKey="true" />
      <field displayname="Timeout Days Draft" name="cp_timeoutdaysdraft" type="number" customfield="true" />
      <field displayname="Timeout Days Follow Up Lapsed" name="cp_timeoutdaysfollowuplapsed" type="number" customfield="true" />
      <field displayname="Timeout Days Meeting Lapsed" name="cp_timeoutdaysmeetinglapsed" type="number" customfield="true" />
      <field displayname="Timeout Days Participant Response" name="cp_timeoutdaysparticipantresponse" type="number" customfield="true" />
      <field displayname="Timeout Days Schedule Meeting" name="cp_timeoutdaysschedulemeeting" type="number" customfield="true" />
    </fields>
  </entity>
</entities>